역명,미세먼지,이산화탄소,폼알데하이드,일산화탄소,총 승객수
서울,39.9,566,11.5,0.7,129006.0
시청,83.5,545,12.0,0.7,60692.0
종각,110.0,500,12.2,0.7,45389.0
동대문,96.6,585,7.9,1.0,47352.0
동묘앞,34.3,457,4.7,0.5,35584.0
신설동,64.8,517,6.9,0.6,26371.0
제기동,71.0,442,4.2,0.5,32189.0
청량리,56.8,452,6.0,0.8,68855.0
시청,63.2,522,7.2,0.5,60692.0
을지로입구,54.4,474,6.9,0.5,68156.0
동대문역사문화공원,39.0,527,9.5,0.7,62298.0
신당,45.6,483,10.0,1.0,32109.0
상왕십리,59.3,466,8.3,0.6,16977.0
왕십리,35.1,490,8.8,0.6,55575.0
잠실,35.3,546,7.0,0.6,171903.0
잠실새내,34.1,439,5.4,0.5,33795.0
종합운동장,24.4,451,6.6,0.7,26047.0
삼성,25.7,495,6.5,0.7,62714.0
선릉,46.8,513,8.0,0.9,46262.0
역삼,25.4,524,8.9,1.0,31342.0
강남,32.9,610,12.2,0.8,94064.0
교대,36.1,505,9.3,1.1,38886.0
서초,50.1,467,9.2,1.0,18059.0
방배,47.0,510,10.7,0.9,16730.0
사당,45.6,507,8.4,0.9,91125.0
낙성대,65.3,463,9.5,1.0,35596.0
서울대입구,46.4,447,7.1,0.7,63460.0
봉천,51.9,431,7.5,0.8,30538.0
신림,67.6,529,10.1,0.7,88751.0
신도림,50.5,481,7.5,0.6,72891.0
문래,56.3,459,9.3,0.7,20594.0
영등포구청,46.4,435,8.4,0.7,23167.0
합정,35.4,528,9.8,0.8,75414.0
홍대입구,43.3,509,7.1,0.8,181157.0
신촌,33.0,441,8.1,0.9,61267.0
이대,61.6,444,6.6,0.8,19965.0
아현,45.3,457,8.7,0.6,14022.0
충정로,60.6,439,8.8,0.7,12658.0
용두,35.9,438,7.3,0.7,3370.0
신설동,24.4,455,6.6,0.8,26371.0
도림천,67.2,450,5.5,0.8,1421.0
양천구청,46.9,438,9.1,0.8,8003.0
신정네거리,46.4,450,12.1,0.8,13294.0
구파발,32.7,470,6.6,0.7,28337.0
연신내,44.1,459,8.4,0.8,52576.0
불광,51.2,532,4.8,0.6,31940.0
녹번,36.1,454,4.6,0.6,17740.0
홍제,28.8,473,11.1,0.7,24044.0
무악재,53.6,468,5.1,1.1,5369.0
독립문,43.1,483,5.9,0.7,10674.0
경복궁,43.2,466,9.0,0.5,34139.0
안국,58.4,481,8.8,0.6,37561.0
충무로,62.9,479,6.8,0.6,24440.0
동대입구,68.9,474,7.9,1.0,15786.0
약수,41.6,465,11.7,0.9,21076.0
금호,48.0,477,10.6,0.9,10285.0
압구정,43.0,541,13.7,0.9,47873.0
신사,51.5,505,16.6,1.0,41337.0
잠원,24.2,460,4.9,0.7,6054.0
고속터미널,31.3,533,7.8,0.6,146449.0
교대,34.2,504,8.5,0.8,38886.0
남부터미널,32.4,472,10.4,0.8,36285.0
양재,37.3,460,9.1,0.8,32568.0
매봉,30.1,472,12.3,0.9,10268.0
도곡,36.5,460,8.7,0.5,12496.0
대치,31.1,468,9.2,0.7,18038.0
학여울,20.3,466,9.1,1.1,1764.0
대청,59.1,481,9.7,0.8,10682.0
일원,48.6,488,6.1,0.5,8842.0
수서,46.2,506,5.5,0.5,39400.0
가락시장,21.7,478,5.4,0.6,22177.0
경찰병원,24.5,496,5.3,0.5,7337.0
오금,25.5,484,5.4,0.5,9893.0
쌍문,50.4,505,10.0,0.7,38775.0
수유,98.7,493,10.0,0.6,52003.0
미아,49.4,480,12.2,0.5,20759.0
미아사거리,43.8,485,11.4,0.7,41502.0
길음,35.6,436,9.0,0.6,25820.0
성신여대입구,58.4,516,12.2,0.7,37893.0
한성대입구,47.1,513,10.4,0.9,17814.0
혜화,36.7,467,11.9,0.7,60054.0
동대문,56.7,485,14.4,0.8,47352.0
동대문역사문화공원,39.5,502,10.9,0.7,62298.0
충무로,53.0,491,7.9,0.5,24440.0
명동,46.4,505,12.0,0.8,60963.0
회현,40.5,466,10.0,0.7,39353.0
서울,25.1,491,6.6,0.7,129006.0
숙대입구,28.8,471,7.6,0.8,16940.0
삼각지,23.3,470,5.0,0.8,17137.0
신용산,37.4,480,5.3,0.9,23124.0
이촌,74.2,473,8.3,1.0,21346.0
총신대입구,39.8,482,8.2,0.8,26706.0
사당,38.3,487,5.1,0.8,91125.0
남태령,40.8,463,4.1,0.6,1517.0
방화,67.4,373,7.1,0.6,8337.0
개화산,57.2,368,8.1,0.3,7004.0
김포공항,48.4,400,9.0,0.4,43504.0
송정,39.6,490,7.7,0.5,9403.0
마곡,27.2,476,4.0,0.4,10031.0
발산,23.3,476,8.2,0.5,25707.0
우장산,23.6,478,8.5,0.4,17918.0
화곡,23.0,531,7.3,0.5,36756.0
까치산,41.3,559,2.7,0.5,39140.0
신정,59.5,497,3.2,0.4,15431.0
목동,30.9,485,4.4,0.3,20204.0
오목교,28.2,510,4.5,0.4,29906.0
양평,29.8,482,4.8,0.3,11277.0
영등포구청,26.4,533,4.1,0.5,23167.0
영등포시장,32.6,501,4.9,0.4,14208.0
신길,26.1,756,7.1,0.5,15493.0
여의도,49.3,826,8.6,0.5,44762.0
여의나루,42.2,658,6.6,0.3,17645.0
마포,46.0,419,7.8,0.6,14434.0
공덕,25.0,444,6.2,0.4,38821.0
애오개,35.9,456,4.7,0.7,6865.0
충정로,29.5,438,5.4,0.4,12658.0
서대문,29.6,406,5.3,0.5,13920.0
광화문,30.4,514,5.8,0.5,54973.0
동대문역사문화공원,32.7,350,8.5,0.5,62298.0
청구,36.9,342,7.4,1.0,8915.0
신금호,29.4,381,4.6,0.6,8015.0
행당,21.4,341,3.2,0.4,9306.0
왕십리,27.6,507,7.9,0.5,55575.0
마장,32.1,407,7.8,0.5,7820.0
답십리,26.9,395,8.3,0.4,18879.0
장한평,47.4,431,6.6,0.3,22107.0
군자,31.4,481,7.8,0.3,34436.0
아차산,42.0,429,8.7,0.6,22034.0
광나루,30.6,411,8.8,0.4,18517.0
천호,59.1,433,6.6,0.4,55150.0
강동,29.0,484,8.0,0.5,20656.0
길동,38.5,495,6.9,0.6,11937.0
굽은다리,30.9,501,7.9,0.5,14211.0
명일,45.1,503,6.2,0.4,10969.0
고덕,39.1,484,6.8,0.5,11714.0
상일동,50.1,533,6.1,0.5,16508.0
강일,40.5,453,6.2,0.4,6162.0
미사,51.6,469,7.3,0.5,23767.0
하남풍산,41.6,456,9.2,0.5,6012.0
하남시청,35.3,481,5.4,0.6,10767.0
하남검단산,26.5,463,6.4,0.4,10523.0
둔촌동,34.0,523,7.9,0.7,11359.0
올림픽공원,34.1,496,8.8,0.6,32680.0
방이,31.7,482,6.6,0.5,9734.0
오금,28.9,463,6.8,0.5,9893.0
개롱,29.9,474,5.7,0.3,7770.0
거여,30.6,486,7.5,0.3,11289.0
마천,35.7,489,2.9,0.5,8834.0
응암,50.4,514,10.9,0.4,23915.0
역촌,56.0,494,14.9,0.6,5456.0
불광,38.8,558,16.5,1.0,31940.0
독바위,25.5,447,8.7,0.5,3725.0
연신내,38.3,534,9.0,0.4,52576.0
구산,31.6,479,8.3,0.5,9154.0
새절,31.3,481,6.5,0.3,15470.0
증산,32.6,478,6.1,0.3,13549.0
디지털미디어시티,34.8,500,3.8,0.4,26386.0
월드컵경기장,27.7,454,6.3,0.3,8436.0
마포구청,42.7,533,3.4,0.5,16033.0
망원,39.9,531,7.1,0.7,24205.0
합정,42.1,579,6.7,0.4,75414.0
상수,42.0,499,5.7,0.3,19355.0
광흥창,33.5,464,7.0,0.3,9152.0
대흥,34.0,491,7.8,0.6,10621.0
공덕,28.5,503,5.9,0.6,38821.0
효창공원앞,37.2,515,11.4,0.4,10751.0
삼각지,45.2,583,7.8,0.7,17137.0
녹사평,32.6,477,9.6,0.5,8737.0
이태원,31.3,541,7.5,0.3,23621.0
한강진,39.0,493,9.3,0.3,18635.0
버티고개,45.4,505,7.3,0.6,2653.0
약수,37.1,581,5.9,0.7,21076.0
청구,39.8,488,10.9,0.3,8915.0
신당,27.4,557,10.7,0.8,32109.0
동묘앞,40.6,592,12.7,0.5,35584.0
창신,34.1,485,8.6,0.4,3666.0
보문,44.3,510,10.5,0.3,11224.0
안암,40.3,553,9.8,0.9,10392.0
고려대,30.0,492,19.6,0.7,9542.0
월곡,39.6,485,5.8,0.3,13074.0
상월곡,25.9,463,4.6,0.5,7002.0
돌곶이,29.7,486,4.0,0.4,11741.0
석계,30.4,545,4.8,0.5,28451.0
태릉입구,28.6,479,6.2,0.3,19317.0
화랑대,28.7,496,7.4,0.5,10883.0
봉화산,33.6,470,7.0,0.4,9434.0
수락산,37.0,502,10.0,0.4,17847.0
마들,27.8,555,10.1,0.6,16277.0
노원,41.4,527,9.0,0.6,65274.0
중계,32.4,509,8.4,0.5,16012.0
하계,35.2,561,9.5,0.5,21652.0
공릉,37.9,543,8.7,0.7,15406.0
태릉입구,33.1,487,10.4,0.5,19317.0
먹골,31.5,463,8.5,0.4,14107.0
중화,30.6,536,10.0,0.6,13529.0
상봉,34.6,576,11.1,0.6,33358.0
면목,27.0,765,6.8,0.4,19932.0
사가정,37.7,666,7.3,0.4,22238.0
용마산,36.5,479,8.0,0.4,7470.0
중곡,30.7,500,6.7,0.4,12711.0
군자,40.3,514,6.3,0.4,34436.0
어린이대공원,26.4,693,8.9,0.4,17178.0
건대입구,29.7,544,12.6,0.6,90221.0
청담,24.6,583,10.6,0.6,17726.0
강남구청,26.5,622,10.3,0.4,23427.0
학동,34.3,724,12.3,0.4,16048.0
논현,30.3,561,11.7,0.5,16624.0
반포,27.7,734,11.6,0.5,8154.0
고속터미널,42.5,692,18.8,0.5,146449.0
내방,40.1,491,11.6,0.4,13826.0
남성,48.6,690,14.2,0.4,13611.0
숭실대입구,42.1,713,12.3,0.5,13928.0
상도,50.9,550,15.5,0.6,13275.0
장승배기,45.9,540,17.9,0.8,11537.0
신대방삼거리,28.8,540,14.7,0.6,18799.0
보라매,40.9,528,15.5,0.5,12467.0
신풍,31.2,716,10.0,0.4,14119.0
대림,27.5,859,11.4,0.5,53793.0
남구로,27.5,636,16.2,0.7,16503.0
가산디지털단지,29.3,672,16.9,0.5,37006.0
철산,29.2,546,14.1,0.4,27184.0
광명사거리,36.2,535,14.1,0.4,32547.0
천왕,47.8,525,7.2,0.5,12323.0
온수,30.9,516,15.6,0.3,18490.0
암사,39.1,731,16.4,0.4,22132.0
천호,27.3,574,18.8,0.5,55150.0
강동구청,28.2,587,17.8,0.5,11473.0
몽촌토성,55.2,493,12.4,0.5,7868.0
잠실,33.5,885,11.1,0.3,171903.0
석촌,47.8,542,16.0,0.4,24512.0
송파,33.6,738,13.1,0.3,11170.0
가락시장,27.1,712,12.3,0.5,22177.0
문정,38.6,559,14.2,0.5,12079.0
장지,29.8,502,22.7,0.4,22264.0
복정,24.4,541,16.3,0.5,9922.0
산성,28.5,674,6.1,0.4,6967.0
남한산성입구,24.7,693,3.5,0.6,15721.0
단대오거리,26.2,469,9.2,0.4,14767.0
신흥,38.2,511,20.2,0.8,7900.0
수진,27.8,403,11.5,0.6,7442.0
모란,24.2,398,11.1,0.5,36047.0
종합운동장,43.2,458,5.7,2.1,26047.0
석촌,51.7,467,5.4,0.6,24512.0
올림픽공원,49.1,465,6.1,0.5,32680.0
